{"train_loss": [2.7073579779613444, 2.460294041145567, 2.393168560131727, 2.345126592963715, 2.3123698825722325, 2.285978520135774, 2.26373674902976, 2.2492591628251954, 2.236045050276513, 2.223950078061629], "train_accuracy": [56.40168792373464, 59.19569432525765, 59.876707648884626, 60.31222420377506, 60.59844222158047, 60.820845822538544, 61.03031114898042, 61.175263035883745, 61.30210388036338, 61.417480752728146], "val_loss": [2.5775725839614867, 2.4984440841293334, 2.448255353088379, 2.41095002948761, 2.385713395690918, 2.3627241173171996, 2.346944383430481, 2.333893066711426, 2.320488563575745, 2.3111215351486205], "val_accuracy": [58.400105263157954, 59.290421052631594, 59.764000000000074, 60.08442105263163, 60.25210526315794, 60.466526315789466, 60.606000000000016, 60.74284210526329, 60.87747368421046, 60.96231578947379]}