{"train_loss": [11.42675115100073, 1.47839527091175, 0.51405554054676, 0.435590845314006, 0.41706030385595, 0.373261131951539, 0.37799869999382, 0.360378846938257, 0.356657713539170, 0.34454531489026, 0.34012656793426], "train_accuracy": [0.000000, 91.09695021751113, 93.56123995325580, 94.00758592923318, 94.20572554256074, 94.27888204969499, 94.33912583634040, 94.36097873186840, 94.41195943941322, 94.56488547514433, 94.60171915565065], "val_loss": [10.92106450046798, 1.13170319420704, 0.41622229463083, 0.36431468448585, 0.35604284290660, 0.34693043290189, 0.33729930193645, 0.32934060509783, 0.31349531372867, 0.30625608045329, 0.30131468448585], "val_accuracy": [0.00000000000, 91.58284450516868, 94.14559636776952, 94.67874504104310, 94.81923326425257, 94.90211743135293, 95.24582986026956, 95.84502925603743, 95.93784960191423, 95.99965426945494, 96.01850904899863]}